1A0O,
1A9X,
1AI4,
1AJN,
1AY7,
1B0N,
1B27,
1B32,
1B4Z,
1B6H,
1B9J,
1BDJ,
1BGS,
1BPL,
1BRS,
1BS6,
1BXI,
1C30,
1CC1,
1CE8,
1CS0,
1CT0,
1D8T,
1DEE,
1DS2,
1DV4,
1E1C,
1E3A,
1E44,
1EAY,
1EFP,
1EM8,
1FFG,
1FM0,
1FR2,
1FS0,
1FXH,
1G4U,
1G8J,
1GK9,
1GM7,
1GPW,
1GZ0,
1H0H,
1H2A,
1HE1,
1HFE,
1I1Q,
1IHF,
1IXS,
1JBU,
1JDB,
1JHF,
1JIW,
1JQJ,
1JTD,
1JX9,
1K5Q,
1K7D,
1K90,
1KA9,
1KEC,
1KIU,
1KLF,
1L0X,
1LP1,
1LQG,
1LVC,
1LW6,
1LZW,
1MBU,
1MG9,
1MVF,
1MZ8,
1N0L,
1NJM,
1NMU,
1NU9,
1O6S,
1O96,
1OGY,
1OHE,
1OKK,
1OND,
1OR7,
1OUZ,
1OWF,
1P5V,
1PDK,
1PK0,
1PNK,
1PWV,
1PXV,
1QTX,
1QUN,
1R0R,
1R1R,
1R27,
1R6O,
1REQ,
1RJ9,
1RP3,
1S0W,
1S26,
1SBN,
1SC5,
1SGD,
1SIB,
1SK6,
1SL0,
1SMP,
1SPB,
1SVX,
1T0F,
1T6B,
1T7P,
1T8E,
1TFK,
1TK0,
1TM1,
1TO1,
1U0S,
1UBH,
1UGP,
1UJW,
1UUG,
1V5I,
1V74,
1VHK,
1WUH,
1WX2,
1X1U,
1X9M,
1XFU,
1XL3,
1XOU,
1XTG,
1XXM,
1XZP,
1Y0V,
1Y1K,
1Y33,
1Y48,
1YQ9,
1YRQ,
1YU6,
1Z3E,
1Z5Y,
1ZM2,
1ZOT,
1ZUD,
1ZVV,
1ZYQ,
2A5D,
2AE3,
2AHJ,
2AJQ,
2AQ1,
2B3T,
2B42,
2B59,
2BH1,
2BLF,
2BOV,
2BPB,
2C1D,
2C77,
2C9X,
2CA3,
2CCL,
2CH4,
2CI9,
2CNM,
2CO6,
2CYZ,
2CZ0,
2D0Q,
2D7D,
2DBU,
2DFX,
2DG5,
2E0X,
2EFG,
2ERH,
2F9Z,
2FHZ,
2FRV,
2G2U,
2G38,
2GDC,
2GKV,
2GOX,
2GRX,
2GSK,
2GWW,
2GYK,
2GZE,
2H2G,
2H47,
2HCJ,
2HDI,
2HI7,
2HQS,
2HSQ,
2HT0,
2IAA,
2IDO,
2J7P,
2JBU,
2NMV,
2NOJ,
2NQO,
2NU0,
2NXN,
2O8V,
2O97,
2OMT,
2OX5,
2OZN,
2P7V,
2PL9,
2Q1Z,
2QB0,
2QDY,
2QM6,
2REQ,
2RKZ,
2SEC,
2SGD,
2SNI,
2UUG,
2UY7,
2UZX,
2V36,
2VLN,
2VR3,
2VT1,
2VZK,
2W07,
2W16,
2W2D,
2W6T,
2W76,
2W80,
2WJZ,
2WMP,
2WPN,
2WUS,
2WWX,
2WY7,
2X9A,
2XFG,
2XG4,
2XHL,
2XS3,
2XXA,
2YCH,
2YDQ,
2YEP,
2YSU,
2Z2S,
2Z8I,
2ZA4,
2ZHX,
2ZIT,
2ZJS,
2ZMX,
2ZPB,
2ZQP,
2ZUP,
2ZWD,
3A1P,
3A75,
3A8G,
3AWS,
3AX0,
3B0Z,
3B1S,
3B78,
3B82,
3BGO,
3BUZ,
3BYT,
3BZD,
3C01,
3C4M,
3C7U,
3CAL,
3CJQ,
3CLR,
3CNQ,
3CO0,
3CSL,
3CUR,
3D3B,
3D5R,
3D6N,
3DA7,
3DBO,
3DDR,
3DGE,
3DTU,
3E2K,
3E9J,
3EAR,
3EGV,
3EHF,
3EJB,
3ETB,
3EUL,
3F6Z,
3FAV,
3FIE,
3FNM,
3FXD,
3FYE,
3G9K,
3GA9,
3GCG,
3GEW,
3GFK,
3GIF,
3GJN,
3GKL,
3GQB,
3GTY,
3GYX,
3H3G,
3HD8,
3HI2,
3HW2,
3IHQ,
3IIQ,
3IMQ,
3IWB,
3JTQ,
3JV2,
3JZA,
3K1I,
3K3W,
3K5B,
3K74,
3KCP,
3KM9,
3KYI,
3L0I,
3L91,
3LB8,
3LCB,
3LEV,
3LUO,
3LW8,
3LXR,
3MAT,
3MC0,
3ME0,
3ML0,
3MML,
3MP1,
3MZW,
3N4I,
3NY7,
3O2B,
3O3M,
3O5A,
3OCD,
3OGI,
3OM3,
3OUN,
3OWE,
3PCR,
3PNL,
3Q10,
3Q9N,
3QDR,
3QF4,
3QHY,
3QSY,
3QXE,
3QYG,
3QZ5,
3R2C,
3R8B,
3R9X,
3REQ,
3RF3,
3RGW,
3RPF,
3S04,
3SFV,
3SGB,
3SOH,
3SQB,
3SRA,
3SXU,
3SY2,
3TBI,
3TGO,
3THO,
3TKL,
3TNF,
3TU3,
3TYF,
3U43,
3U6B,
3UFX,
3UI3,
3UL4,
3UQY,
3USC,
3V0B,
3V11,
3V3K,
3V6I,
3VEP,
3VPJ,
3W31,
3W9C,
3WA5,
3WDG,
3WHQ,
3WOE,
3WVD,
3X20,
3ZE6,
3ZG7,
3ZR4,
3ZYB,
4A5U,
4AWX,
4AYF,
4AZ8,
4B7X,
4BI8,
4BLB,
4BTH,
4C3O,
4C7O,
4CC4,
4CEH,
4CJ0,
4CU4,
4D7Z,
4DCB,
4DFC,
4DH2,
4DID,
4DRF,
4DWH,
4E6N,
4EA3,
4EGC,
4EIG,
4EJ1,
4EMJ,
4EQA,
4ETW,
4EYY,
4FGI,
4FHB,
4FMB,
4FOU,
4FQ0,
4G6D,
4G8X,
4G94,
4GD3,
4GF3,
4GI3,
4GY2,
4GZR,
4H03,
4HDK,
4HFF,
4HG6,
4HLU,
4HN4,
4HPJ,
4HT3,
4HUK,
4I0W,
4I13,
4IP3,
4IRU,
4IUB,
4J4L,
4JML,
4JRA,
4JWS,
4JX1,
4K2F,
4K5A,
4KBB,
4KJP,
4KK5,
4KL8,
4KN9,
4KO1,
4KYI,
4LO8,
4LUQ,
4LWS,
4M1J,
4M3K,
4M5F,
4MLI,
4MQX,
4MRT,
4N1A,
4N4R,
4N7S,
4N80,
4NBX,
4NC2,
4NIY,
4NQW,
4NZL,
4O93,
4OB0,
4OTT,
4P3Y,
4PC1,
4Q35,
4Q4A,
4QKO,
4QLP,
4QNZ,
4QO0,
4QRM,
4R1D,
4REQ,
4RHB,
4RLJ,
4RWF,
4SGB,
4TKY,
4TPS,
4TTT,
4U39,
4U9H,
4UCQ,
4UDM,
4UE2,
4UHP,
4UIP,
4UPE,
4UQL,
4URH,
4W6W,
4WEM,
4WJV,
4WKS,
4WQ4,
4WVH,
4WWI,
4X8K,
4XA9,
4XGA,
4XOB,
4XWJ,
4XZV,
4Y7O,
4YDU,
4YEW,
4YFT,
4YLF,
4YRY,
4YX5,
4Z0U,
4ZHY,
4ZIR,
4ZJX,
4ZNC,
4ZOQ,
4ZQW,
4ZV0,
5AYR,
5AZ8,
5B2G,
5B5T,
5BP4,
5BQM,
5BW0,
5C58,
5C6P,
5CBN,
5CDF,
5CFA,
5CQ9,
5CRA,
5CUL,
5D3I,
5D6J,
5DHG,
5DIR,
5DJT,
5DUD,
5E4W,
5EB1,
5EIY,
5EW5,
5EXK,
5F7K,
5F8Q,
5F93,
5FBZ,
5FFN,
5FIO,
5GNA,
5GUW,
5GXB,
5H7Y,
5H9D,
5HE9,
5HKQ,
5HY3,
5IQN,
5IV8,
5IXM,
5J1L,
5J3N,
5JA1,
5JEN,
5JFF,
5JLV,
5JMC,
5JSH,
5JT1,
5JW7,
5K35,
5KBN,
5LWF,
5LXV,
5M0Y,
5M13,
5M2O,
5MAW,
5MDJ,
5MJE,
5MKK,
5MOY,
5MS2,
5MT6,
5N5P,
5NC2,
5NJ5,
5NRO,
5O74,
5ODW,
5OJ5,
5ONJ,
5OQT,
5OVW,
5REQ,
5T86,
5TDY,
5TGH,
5UNI,
5UZU,
5V6Y,
5VGB,
5VID,
5VMR,
5VW1,
5VXJ,
5WGG,
5WQL,
5WUJ,
5WY2,
5X42,
5XBL,
5XEC,
5XLE,
5XRW,
5Y4N,
5Y61,
5Y8X,
5Y9B,
5YA0,
5YGU,
5Z0D,
5Z2W,
5Z51,
5ZQ3,
5ZTB,
5ZWL,
6AKE,
6APX,
6AVZ,
6AW2,
6AZP,
6B0B,
6B58,
6B73,
6BBO,
6BS3,
6BX4,
6BYZ,
6C0B,
6C12,
6C73,
6C9W,
6CH2,
6CI0,
6CN8,
6CP0,
6D0V,
6D1Q,
6D65,
6DBF,
6DFL,
6DKS,
6E3D,
6E4D,
6E8R,
6EJP,
6ER6,
6ES1,
6ET0,
6F34,
6F4A,
6F7T,
6FMS,
6G4J,
6G5F,
6GBH,
6GH1,
6GOW,
6GS1,
6GTQ,
6H4B,
6H5E,
6H9N,
6HL2,
6I2P,
6IBL,
6IFO,
6IHT,
6IKK,
6IM9,
6IN7,
6IY0,
6J19,
6J7M,
6J9N,
6JAU,
6JFA,
6JHW,
6K2D,
6K3B,
6K4K,
6K6A,
6K73,
6KCR,
6KMQ,
6KZA,
6L8G,
6LGQ,
6LKI,
6LOJ,
6LPI,
6LRD,
6LW4,
6LYJ,
6M4V,
6MCP,
6ML1,
6N85,
6NBL,
6NDZ,
6NE2,
6NJD,
6NPO,
6OB5,
6OD1,
6OFQ,
6OIH,
6OM4,
6ONO,
6OQ6,
6OV2,
6OX6,
6OYH,
6OZ6,
6P7E,
6PFO,
6PGQ,
6PJ4,
6PLM,
6PQK,
6PU3,
6PW0,
6Q9C,
6QF7,
6QGW,
6QNS,
6R4W,
6R50,
6R7P,
6REQ,
6RGY,
6RTP,
6RU0,
6RXJ,
6RYO,
6S07,
6S7L,
6SAQ,
6SDR,
6SIV,
6SJ5,
6SKU,
6SQC,
6T1W,
6TE4,
6U0J,
6U12,
6UAI,
6UBE,
6UC6,
6UFT,
6UHT,
6UKL,
6UL4,
6USM,
6V2E,
6VBG,
6VCK,
6VJ8,
6VRI,
6VTM,
6W0V,
6WDU,
6WH0,
6WTG,
6X0C,
6X61,
6XBE,
6XCI,
6XE3,
6XFK,
6XGZ,
6XRO,
6XSY,
6XTD,
6YEV,
6YN0,
6YQ8,
6YX5,
6Z7R,
6Z81,
6Z9G,
6ZA1,
6ZVN,
7AA4,
7AC8,
7BWT,
7BXF,
7CDL,
7CE5,
7CFX,
7CIT,
7EL1,
7JLS,
7JMM,
7JN8,
7JTR,
7K7Y,
7K84,
7KP4,
7KUF,
7LKM,
7M5F,
7N6J,
7NRE,
7ODG,
7REQ,
